6129,Sarah Mellor,0789698679
8980,Leon Matthews,0783272189
6524,Sam Brady,0727196798
3363,Louie Weston,0758768492
5228,Freddie Mitchell,0722443317
9258,Elizabeth Herbert,0730823869
5432,Hollie Farmer,0734940634
2186,Katherine Allan,0794835740
1153,Aidan Griffiths,0713627249
4902,Louie Wheeler,0748371623
3154,Michael Dickinson,0739785414
8564,Aaliyah Simmons,0718897457
7349,Daniel Hall,0797340713
7873,Erin Nelson,0791551408
9687,Cameron Reed,0771057204
5776,Katherine Sanderson,0767420030
5123,Isabelle Goddard,0771303183
1099,Jennifer Barton,0709782464
4615,Lydia Boyle,0791678219
7033,Jasmine Coleman,0789797777
4524,Ana,0755939763
4231,Maria,0742731217
